<?xml version="1.0" encoding="UTF-8"?>
<project-private xmlns="http://www.netbeans.org/ns/project-private/1">
    <editor-bookmarks xmlns="http://www.netbeans.org/ns/editor-bookmarks/2" lastBookmarkId="0"/>
    <open-files xmlns="http://www.netbeans.org/ns/projectui-open-files/2">
        <group>
            <file>file:/C:/Users/USUARIO/OneDrive/Documentos/NetBeansProjects/NavegacionSimulacion/src/navegacionsimulacion/PantallaLeer.java</file>
            <file>file:/C:/Users/USUARIO/OneDrive/Documentos/NetBeansProjects/NavegacionSimulacion/src/navegacionsimulacion/NavegacionSimulacion.java</file>
            <file>file:/C:/Users/USUARIO/OneDrive/Documentos/NetBeansProjects/NavegacionSimulacion/src/navegacionsimulacion/PantallaCrear.java</file>
            <file>file:/C:/Users/USUARIO/OneDrive/Documentos/NetBeansProjects/NavegacionSimulacion/src/navegacionsimulacion/PantallaPrincipal.java</file>
            <file>file:/C:/Users/USUARIO/OneDrive/Documentos/NetBeansProjects/NavegacionSimulacion/src/navegacionsimulacion/PantallaActualizar.java</file>
            <file>file:/C:/Users/USUARIO/OneDrive/Documentos/NetBeansProjects/NavegacionSimulacion/src/navegacionsimulacion/PantallaEliminar.java</file>
        </group>
    </open-files>
</project-private>
